id,title,validfrom,validto
1,Mr,2019-01-01 00:01:00+00,
2,Mrs,2019-01-01 00:01:00+00,
3,Miss,2019-01-01 00:01:00+00,
4,Master,2019-01-01 00:01:00+00,
5,Mx,2019-01-01 00:01:00+00,
6,Dr,2019-01-01 00:01:00+00,
7,Prof,2019-01-01 00:01:00+00,
8,Ind,2019-01-01 00:01:00+00,
9,M,2019-01-01 00:01:00+00,
10,Misc,2019-01-01 00:01:00+00,
11,Mre,2019-01-01 00:01:00+00,
12,Msr,2019-01-01 00:01:00+00,
13,Pr,2019-01-01 00:01:00+00,
14,Sai,2019-01-01 00:01:00+00,
15,Ser,2019-01-01 00:01:00+00,
16,Ms,2019-01-01 00:01:00+00,
17,Madam,2019-01-01 00:01:00+00,
18,Hon,2019-01-01 00:01:00+00,
19,MP,2019-01-01 00:01:00+00,
20,MYP,2019-01-01 00:01:00+00,
21,Lord,2019-01-01 00:01:00+00,
22,Lady,2019-01-01 00:01:00+00,
23,Count,2019-01-01 00:01:00+00,
24,Countess,2019-01-01 00:01:00+00,
25,Mayor,2019-01-01 00:01:00+00,
26,Mayoress,2019-01-01 00:01:00+00,
27,Councillor,2019-01-01 00:01:00+00,
28,Prestitleident,2019-01-01 00:01:00+00,
29,Governor,2019-01-01 00:01:00+00,
30,Premier,2019-01-01 00:01:00+00,
31,Ambassador,2019-01-01 00:01:00+00,
32,Envoy,2019-01-01 00:01:00+00,
33,Secretary,2019-01-01 00:01:00+00,
34,Provost,2019-01-01 00:01:00+00,
35,Rev,2019-01-01 00:01:00+00,
36,Prince,2019-01-01 00:01:00+00,
37,Princess,2019-01-01 00:01:00+00,
38,Archduke,2019-01-01 00:01:00+00,
39,Archduchess,2019-01-01 00:01:00+00,
40,Grand Duke,2019-01-01 00:01:00+00,
41,Grand Duchess,2019-01-01 00:01:00+00,
42,Duke,2019-01-01 00:01:00+00,
43,Duchess,2019-01-01 00:01:00+00,
44,Marquis,2019-01-01 00:01:00+00,
45,Marquess,2019-01-01 00:01:00+00,
46,Earl,2019-01-01 00:01:00+00,
47,Viscount,2019-01-01 00:01:00+00,
48,Viscountess,2019-01-01 00:01:00+00,
49,Baron,2019-01-01 00:01:00+00,
50,Baroness,2019-01-01 00:01:00+00,
51,Emperor,2019-01-01 00:01:00+00,
52,Emperess,2019-01-01 00:01:00+00,
53,King,2019-01-01 00:01:00+00,
54,Queen,2019-01-01 00:01:00+00,
55,Tsar,2019-01-01 00:01:00+00,
56,Tsarina,2019-01-01 00:01:00+00,
57,Caesar,2019-01-01 00:01:00+00,
58,Chief,2019-01-01 00:01:00+00,
59,Viceroy,2019-01-01 00:01:00+00,
60,Vicereine,2019-01-01 00:01:00+00,
61,Pope,2019-01-01 00:01:00+00,
62,Bishop,2019-01-01 00:01:00+00,
63,Sir,2019-01-01 00:01:00+00,
64,Dame,2019-01-01 00:01:00+00,
65,Abbess,2019-01-01 00:01:00+00,
66,Abbot,2019-01-01 00:01:00+00,
67,Brother,2019-01-01 00:01:00+00,
68,Sister,2019-01-01 00:01:00+00,
69,Mother Superior,2019-01-01 00:01:00+00,
70,Friar,2019-01-01 00:01:00+00,
71,Mother,2019-01-01 00:01:00+00,
72,Presbyter,2019-01-01 00:01:00+00,
73,Priest,2019-01-01 00:01:00+00,
74,Father,2019-01-01 00:01:00+00,
75,Patriarch,2019-01-01 00:01:00+00,
76,Vicar,2019-01-01 00:01:00+00,
77,Chaplain,2019-01-01 00:01:00+00,
78,Canon,2019-01-01 00:01:00+00,
79,Pastor,2019-01-01 00:01:00+00,
80,Prelate,2019-01-01 00:01:00+00,
81,Primate,2019-01-01 00:01:00+00,
82,Dom,2019-01-01 00:01:00+00,
83,Cardinal,2019-01-01 00:01:00+00,
84,Ter,2019-01-01 00:01:00+00,
85,Deacon,2019-01-01 00:01:00+00,
86,Archdeacon,2019-01-01 00:01:00+00,
87,Acolyte,2019-01-01 00:01:00+00,
88,Dean,2019-01-01 00:01:00+00,
89,Elder,2019-01-01 00:01:00+00,
90,Minister,2019-01-01 00:01:00+00,
91,Monsignor,2019-01-01 00:01:00+00,
92,Reader,2019-01-01 00:01:00+00,
93,Almoner,2019-01-01 00:01:00+00,
94,Apostle,2019-01-01 00:01:00+00,
95,Teacher,2019-01-01 00:01:00+00,
96,Evangelist,2019-01-01 00:01:00+00,
97,Admiral,2019-01-01 00:01:00+00,
98,Brigadier,2019-01-01 00:01:00+00,
99,Captain,2019-01-01 00:01:00+00,
100,Colonel,2019-01-01 00:01:00+00,
101,Commander,2019-01-01 00:01:00+00,
102,Commodore,2019-01-01 00:01:00+00,
103,Corporal,2019-01-01 00:01:00+00,
104,General,2019-01-01 00:01:00+00,
105,Lieutenant,2019-01-01 00:01:00+00,
106,Major,2019-01-01 00:01:00+00,
107,Marshal,2019-01-01 00:01:00+00,
108,Mate,2019-01-01 00:01:00+00,
109,Officer,2019-01-01 00:01:00+00,
110,Private,2019-01-01 00:01:00+00,
111,Sergeant,2019-01-01 00:01:00+00,
112,Cadet,2019-01-01 00:01:00+00,
113,Lama,2019-01-01 00:01:00+00,
114,Drutitleid,2019-01-01 00:01:00+00,
115,Rabbi,2019-01-01 00:01:00+00,
116,Rebbe,2019-01-01 00:01:00+00,
117,Hakham,2019-01-01 00:01:00+00,
118,Ayatollah,2019-01-01 00:01:00+00,
119,Imam,2019-01-01 00:01:00+00,
120,Mullah,2019-01-01 00:01:00+00,
